edge_simpl,hue_simpl,average_lum,contrast_ratio,hist_width,blur,score
80184044.jpg,0.98828125,17,32.79135726615747,0.03346113008031696,0.828125,0.5063667297363281,3.91176470588235
3632417985.jpg,0.9847005208333334,10,60.39496709329541,0.040130759986511715,0.9375,0.5096842447916666,4.16741071428571
10344921126.jpg,0.9002278645833334,14,82.28910941851277,0.00883245804838218,0.8203125,0.499053955078125,4.46638655462185
33000255.jpg,0.9874674479166666,16,14.709629821335549,0.0017702971378012577,0.9921875,0.4901720682779948,4.705508474576269
3091624267.jpg,0.9876302083333334,17,20.625202285791897,0.0,0.80078125,0.49448267618815106,4.94871794871795
19502065.jpg,0.9773763020833334,12,4.22058524144986,0.0,0.48828125,0.4979197184244792,5.089743589743589
28311109.jpg,0.98486328125,17,14.911158711103937,0.0,0.83203125,0.508538564046224,5.160256410256411
44009500.jpg,0.9889322916666666,17,59.11476589396409,0.010644695676639403,0.9765625,0.48514684041341144,5.5
3483143101.jpg,0.9747721354166666,18,65.72540536095777,0.0,0.95703125,0.513037363688151,6.060924369747901
7106381255.jpg,0.98876953125,18,33.02635542083126,0.0,0.98828125,0.5087114969889323,6.61853448275862
4299216840.jpg,0.951171875,18,16.489239795973916,0.0,0.98828125,0.47163136800130206,6.68487394957983
7358286276.jpg,0.9876302083333334,18,7.282409950483984,0.0,0.24609375,0.49812062581380206,7.05
450338979.jpg,0.98876953125,17,46.29605231892432,0.016981235872567346,0.66796875,0.49994150797526044,7.2787610619469
4113685341.jpg,0.98876953125,13,35.21423408166535,0.002197256546497138,0.8984375,0.4889996846516927,7.51680672268908
154740129.jpg,0.9853515625,15,47.842752425757226,0.00039573654069084083,0.98046875,0.4988555908203125,7.6
10319713194.jpg,0.9864908854166666,11,45.481483118531656,0.0,0.9921875,0.5083783467610677,7.99152542372881
5306909990.jpg,0.98876953125,17,47.435968392330004,0.009062364796278796,0.9609375,0.4994697570800781,8.29807692307692
545103098.jpg,0.9775390625,17,65.88070385083152,0.0,0.9375,0.4992510477701823,8.34110169491525
9352087961.jpg,0.9583333333333334,18,5.536755831132343,0.0,0.18359375,0.499298095703125,8.34110169491525
6759678037.jpg,0.98876953125,17,25.1947834535481,0.005997906089534268,0.70703125,0.5018234252929688,8.41806722689076
255478501.jpg,0.9876302083333334,16,15.876620293498261,0.0009805011119020323,0.5234375,0.4986534118652344,8.76470588235294
8840187174.jpg,0.9410807291666666,17,12.943279642384537,0.0,0.9609375,0.5009422302246094,9.11016949152542
4232014784.jpg,0.98974609375,16,9.094496065517385,0.0,0.921875,0.4989166259765625,9.25
7064847959.jpg,0.98681640625,18,37.36591417323263,0.0,0.98828125,0.49783070882161456,9.73940677966102
146926363.jpg,0.9881184895833334,17,37.98810908979405,0.0033216914146421317,0.9765625,0.45980199178059894,9.9375
45323583.jpg,0.9837239583333334,17,12.365411975368218,0.0,0.984375,0.5049336751302084,10.025641025641
145215893.jpg,0.9864908854166666,17,7.566901112468519,0.0,0.40625,0.4952430725097656,10.14375
246188030.jpg,0.98876953125,17,56.82413058312017,0.05496316081775866,0.58984375,0.5073026021321615,10.35
7924366.jpg,0.98486328125,7,19.89530026941789,0.02832949100412396,0.41796875,0.49721654256184894,10.4978991596639
5809947698.jpg,0.9210611979166666,18,34.77959870026212,0.0,0.98828125,0.49447377522786456,10.7232142857143
7627340946.jpg,0.9876302083333334,13,16.716514851021326,0.0,0.296875,0.5004806518554688,10.7881355932203
6434876963.jpg,0.9905598958333334,18,15.839651006887578,0.0,0.44140625,0.5069046020507812,11.0022123893805
6788551083.jpg,0.98876953125,17,36.59981174970776,0.005557628812874041,0.8203125,0.48688507080078125,11.0375
5825243642.jpg,0.98876953125,14,23.852769582641884,0.10450929626864153,0.39453125,0.5011850992838541,11.0400943396226
6784185258.jpg,0.9853515625,19,6.392793734956091,0.0,0.51171875,0.4990590413411458,11.083333333333302
4953282690.jpg,0.9337565104166666,11,76.67669091317843,0.44324291644655295,0.90234375,0.4984588623046875,11.121848739495801
185458280.jpg,0.9881184895833334,19,16.660049014652376,0.0,0.69140625,0.49806976318359375,11.1911764705882
4193794378.jpg,0.9695638020833334,8,2.7394509211399676,0.0,0.51171875,0.4974924723307292,11.4021739130435
4247073360.jpg,0.974609375,11,67.27272443059488,0.009589248182516847,0.8828125,0.5012092590332031,11.4173728813559
3753143338.jpg,0.98876953125,15,24.44372312512523,0.014593035530768423,0.86328125,0.49967066446940106,11.51875
976846781.jpg,0.98876953125,17,76.16309151515996,0.04309029185228181,0.75,0.49208958943684894,11.5206422018349
7162855925.jpg,0.9850260416666666,3,17.201673462765864,0.011810353172358295,0.34765625,0.4970563252766927,11.855263157894699
8352296647.jpg,0.9853515625,16,77.33627704091471,0.0056058815918797154,0.8671875,0.4998130798339844,11.8844537815126
4831070004.jpg,0.9656575520833334,12,51.50167475205017,0.007120638702233926,0.9921875,0.4931500752766927,11.9294871794872
8217034676.jpg,0.9894205729166666,14,7.875666990267923,0.001759779842493785,0.46875,0.4969062805175781,11.95
9741202505.jpg,0.9876302083333334,14,26.766791035565003,0.0,0.9921875,0.5085118611653646,12.1
3084860790.jpg,0.97998046875,15,36.44018911888549,0.0,0.9921875,0.5001258850097656,12.1850961538462
5269040313.jpg,0.9581705729166666,12,24.445827369146766,0.0,0.984375,0.4754320780436198,12.243362831858402
377273746.jpg,0.9278971354166666,16,20.678633237744666,0.0,0.98828125,0.4852002461751302,12.478260869565199
461213420.jpg,0.9910481770833334,10,36.888763101489985,0.005296118945437982,0.9609375,0.4803886413574219,12.48125
2332998569.jpg,0.9856770833333334,14,54.05177085053549,0.0,0.984375,0.4838244120279948,12.5347222222222
2481588554.jpg,0.9876302083333334,18,19.963686184018968,0.0,0.98828125,0.4959004720052083,12.716386554621801
6989772902.jpg,0.98828125,17,25.220638787874023,0.0,0.9765625,0.49632517496744794,12.7457627118644
6585039061.jpg,0.9881184895833334,18,16.646243676485703,0.005483469920475912,0.9765625,0.4974009195963542,12.815677966101699
531477784.jpg,0.9866536458333334,11,21.94173156722343,0.0,0.9921875,0.49538930257161456,13.132352941176501
155711788.jpg,0.9871419270833334,18,3.088978067337317,0.0,0.20703125,0.4971516927083333,13.16875
615034576.jpg,0.9869791666666666,17,9.76086752610984,0.0,0.52734375,0.5054766337076823,13.16875
5961872098.jpg,0.9876302083333334,18,8.91842970190112,0.008981995014848537,0.72265625,0.49873097737630206,13.1924778761062
3225818665.jpg,0.98876953125,19,7.385105280448859,0.0,0.40625,0.5016403198242188,13.2571428571429
8473611231.jpg,0.9874674479166666,18,7.228032423858454,0.0,0.3828125,0.49829737345377606,13.2593457943925
461078499.jpg,0.98876953125,18,16.93808426549499,0.0,0.5859375,0.4910011291503906,13.305084745762699
2196513263.jpg,0.9645182291666666,18,4.727841216195513,0.0,0.46875,0.5054957071940104,13.375
242395156.jpg,0.9835611979166666,16,25.299399872341365,0.0,0.87109375,0.49326451619466144,13.409090909090901
6789846783.jpg,0.9864908854166666,17,9.183657339307533,0.0,0.6796875,0.5065498352050781,13.412162162162199
4241084648.jpg,0.9886067708333334,11,35.350751149180745,0.051982378190205625,0.97265625,0.49721654256184894,13.444915254237301
4986682017.jpg,0.9851888020833334,16,41.44674976291146,0.0,0.97265625,0.4907786051432292,13.5677570093458
4103115026.jpg,0.9881184895833334,13,14.768930528083727,0.0,0.875,0.4988657633463542,13.7875
9802094923.jpg,0.98876953125,16,17.64638744904332,0.00389426163506343,0.859375,0.5004081726074219,13.849557522123899
22947511.jpg,0.9876302083333334,18,4.581912518308295,0.0,0.5,0.49837366739908856,13.974358974359
7785223076.jpg,0.978515625,18,5.790517118902163,0.0,0.38671875,0.49587758382161456,14.2152777777778
8137767984.jpg,0.98876953125,6,25.397481080433163,0.0,0.9921875,0.49998219807942706,14.261682242990698
352744670.jpg,0.91552734375,14,45.17798750010826,0.0,0.93359375,0.47092946370442706,14.3783783783784
6225884368.jpg,0.98828125,16,3.524097615801766,0.0,0.375,0.49885304768880206,14.492990654205599
859991088.jpg,0.98828125,10,5.3857093097783855,0.0,0.25390625,0.49875132242838544,14.5796460176991
2325353113.jpg,0.9871419270833334,17,21.54064734059676,0.0005849600011402434,0.98046875,0.4961713155110677,14.588235294117599
1755366250.jpg,0.9881184895833334,17,45.32298478960289,0.0,0.92578125,0.4850260416666667,14.7262931034483
7005072091.jpg,0.98828125,13,42.98570361764308,0.03340356447061912,0.9921875,0.5073216756184896,14.8014018691589
3350005307.jpg,0.98828125,16,24.77293511717248,0.001759779842493785,0.98828125,0.4943504333496094,14.8655462184874
2473676566.jpg,0.98876953125,14,3.727976841354771,0.0,0.21484375,0.49789683024088544,15.0608695652174
4353658003.jpg,0.86767578125,17,33.35397141053267,0.0,0.9921875,0.5208511352539062,15.09375
2035975268.jpg,0.98828125,18,4.998186382122646,0.0012907012353122389,0.1328125,0.49944305419921875,15.142857142857098
325203196.jpg,0.9871419270833334,17,8.683885721095383,0.0,0.23828125,0.5000991821289062,15.2241379310345
10058760545.jpg,0.98828125,19,22.489006188588267,0.00410421941811433,0.8203125,0.5013923645019531,15.2293577981651
1626230781.jpg,0.9680989583333334,14,9.963884308504737,0.030984861025447473,0.6328125,0.5178553263346354,15.2293577981651
9554062765.jpg,0.990234375,18,8.130872286135238,0.0,0.9609375,0.4951222737630208,15.23125
272411695.jpg,0.98876953125,14,41.051778885096105,0.18376916219557146,0.7421875,0.4981727600097656,15.2627118644068
3464988666.jpg,0.9876302083333334,16,16.26603532907838,0.00039573654069084083,0.98828125,0.4911053975423177,15.325
1663721615.jpg,0.98876953125,18,23.253573067567245,0.015559185595760534,0.65625,0.5010833740234375,15.420168067226902
9211913717.jpg,0.9827473958333334,19,80.48206388145955,0.13921545282478268,0.76953125,0.5178311665852865,15.4551282051282
3149433848.jpg,0.98876953125,17,33.08087631856123,0.010151769786279274,0.9296875,0.4817034403483073,15.473684210526303
6553742481.jpg,0.98876953125,11,56.482281037503036,0.01028471242353096,0.74609375,0.4871266682942708,15.5848214285714
1252945239.jpg,0.98828125,10,18.386207301378885,0.0,0.3515625,0.4948590596516927,15.658482142857098
6508138341.jpg,0.9876302083333334,17,14.085527715544865,0.002950081801419133,0.98046875,0.5016937255859375,15.7065217391304
3806051518.jpg,0.9703776041666666,18,30.46553383482684,0.0,0.9921875,0.46358362833658856,15.759174311926598
5105331099.jpg,0.98828125,16,5.508579383944402,0.0019820790473142223,0.2265625,0.49790064493815106,15.8058035714286
8871477031.jpg,0.98779296875,9,36.112935488705055,0.01331293826049901,0.73046875,0.504858652750651,15.822033898305099
487860600.jpg,0.9894205729166666,18,12.015164824271567,0.0,0.6796875,0.5034510294596354,15.822033898305099
135352055.jpg,0.97705078125,19,4.04395732224282,0.0,0.3359375,0.4962056477864583,15.836134453781499
1154962046.jpg,0.98486328125,17,3.4162146433896265,0.0,0.3984375,0.49674733479817706,15.836134453781499
70272233.jpg,0.982421875,19,5.794412009129687,0.0,0.23046875,0.4985059102376302,15.836134453781499
244484608.jpg,0.9864908854166666,13,59.00682049195518,0.012954540441848595,0.80078125,0.503576914469401,16.0441176470588
9703418771.jpg,0.9825846354166666,17,12.200406701515577,0.005684635124719056,0.80078125,0.4957529703776042,16.0897435897436
7003816113.jpg,0.9510091145833334,18,11.948249172094146,0.0,0.9921875,0.4996541341145833,16.1016949152542
2496466506.jpg,0.9881184895833334,17,44.001339841215206,0.002915437578643818,0.890625,0.4935442606608073,16.1376146788991
6167276187.jpg,0.98779296875,18,23.318391002017922,0.0,0.984375,0.49818674723307294,16.2307692307692
392179845.jpg,0.9749348958333334,17,4.799118532213065,0.0,0.56640625,0.49867884318033856,16.248275862068997
5643675511.jpg,0.98876953125,15,30.030845397280796,0.011112631383366996,0.9765625,0.4990336100260417,16.3108108108108
6644227727.jpg,0.9860026041666666,16,7.770305943518188,0.0,0.984375,0.4994392395019531,16.375
8507000235.jpg,0.9833984375,15,66.55553511998268,0.0,0.9921875,0.49783960978190106,16.4403669724771
102995966.jpg,0.9270833333333334,18,13.336939026232471,0.0,0.98828125,0.5003496805826823,16.460084033613402
37951657.jpg,0.7330729166666667,13,82.62228220734458,0.008225204880713903,0.86328125,0.4966468811035156,16.724358974359
6158806771.jpg,0.9884440104166666,15,71.83819273396927,0.06779100596947345,0.81640625,0.5013898213704427,16.8008474576271
7032481793.jpg,0.9871419270833334,13,33.17520484990679,0.0,0.9375,0.49562962849934894,16.8310810810811
6332883956.jpg,0.98779296875,16,14.414995636162374,0.0,0.546875,0.500268300374349,16.9
411090819.jpg,0.9993489583333334,17,77.86219630902359,0.1967063626721069,0.90234375,0.5121726989746094,16.9
473881316.jpg,0.9889322916666666,12,14.91523582184557,0.0009893413517270844,0.5,0.4973131815592448,16.984375
5369434001.jpg,0.98876953125,16,51.456089253459936,0.07044105938616825,0.859375,0.49353663126627606,16.984375
2679224314.jpg,0.986328125,11,7.04723194319672,0.0,0.421875,0.49849573771158856,17.01875
5880662445.jpg,0.9874674479166666,17,21.199694551147825,0.001432161831946834,0.8671875,0.49765777587890625,17.0540540540541
25742613.jpg,0.9845377604166666,18,9.577489334662355,0.0,0.890625,0.4961204528808594,17.076923076923098
4423100872.jpg,0.98876953125,17,44.942105776178614,0.008225204880713903,0.9375,0.49793116251627606,17.1413043478261
5719653094.jpg,0.9881184895833334,16,7.2329117623012325,0.0,0.6171875,0.49068323771158856,17.2920168067227
5290105717.jpg,0.9871419270833334,9,9.964589165159927,0.0,0.984375,0.4944712320963542,17.3513513513514
2144290999.jpg,0.98681640625,18,2.7030413820832475,0.0,0.2890625,0.4891014099121094,17.3565217391304
412289790.jpg,0.98779296875,15,5.394152022357301,0.0,0.35546875,0.49101003011067706,17.4263392857143
5907004909.jpg,0.98876953125,7,57.43553407421294,0.49973920252883397,0.16015625,0.5002873738606771,17.5
81292981.jpg,0.9827473958333334,18,8.385365462546,0.020692202966255298,0.31640625,0.4933522542317708,17.6375
139611767.jpg,0.98828125,18,23.770862897615903,0.018583836502708666,0.94921875,0.49735132853190106,17.6386554621849
4080245276.jpg,0.9552408854166666,18,4.354693846279873,0.0,0.48046875,0.4952341715494792,17.6447368421053
9034987420.jpg,0.98828125,7,19.381744476963885,0.0068692258312717976,0.75390625,0.5023943583170573,17.6633663366337
4538412115.jpg,0.9840494791666666,17,79.10505856914828,0.005445655911904339,0.93359375,0.5079231262207031,17.7079831932773
8939732555.jpg,0.9835611979166666,13,3.154897708419133,0.0,0.30078125,0.4992332458496094,17.7152173913043
5347056182.jpg,0.98876953125,0,56.99899804398996,0.012010212854828358,0.36328125,0.4946606953938802,17.7270642201835
10981006796.jpg,0.98828125,17,55.15420530546137,0.020786857717493952,0.890625,0.5071792602539062,17.740291262135898
4806036650.jpg,0.93701171875,18,72.15880586632039,0.04255061192615989,0.890625,0.4990234375,17.797297297297302
8152535252.jpg,0.9886067708333334,18,32.20286666908684,0.0019607791741637825,0.7734375,0.49665069580078125,17.802752293578
6656935539.jpg,0.9876302083333334,17,20.11948673385813,0.0005833765882703095,0.84765625,0.5006993611653646,17.971428571428604
242503451.jpg,0.98828125,18,13.942083323425164,0.0,0.98828125,0.4943656921386719,17.977272727272698
9681377633.jpg,0.9899088541666666,13,51.652698110423614,0.020437609379723477,0.8828125,0.4959729512532552,18.0298165137615
8616750908.jpg,0.9957682291666666,16,56.348618635956456,0.020556188023468706,0.94140625,0.4960746765136719,18.0593220338983
3904942577.jpg,0.9855143229166666,17,30.763224742978874,0.0,0.98828125,0.49749501546223956,18.2173913043478
10221144393.jpg,0.98876953125,14,19.240260799824004,0.0035195596849875344,0.9765625,0.4919853210449219,18.275641025641
9264499657.jpg,0.9871419270833334,18,10.77212944294751,0.0007914730813816462,0.90625,0.4985516866048177,18.2960526315789
4555534725.jpg,0.98876953125,7,8.829000234702525,0.006846296093047499,0.3046875,0.498199462890625,18.2960526315789
7756578200.jpg,0.98876953125,14,61.767295078874376,0.01695397692562724,0.8359375,0.5104090372721354,18.3030973451327
2367261033.jpg,0.9392903645833334,17,64.26445853685004,0.14610243994524633,0.8359375,0.5032450358072916,18.3175675675676
7443887988.jpg,0.98876953125,17,56.396991879906345,0.011729542153068038,0.95703125,0.49579111735026044,18.4326086956522
10111411235.jpg,0.9860026041666666,15,84.82900694766168,0.017421847583864506,0.71875,0.48701222737630206,18.4705882352941
5932591132.jpg,0.9876302083333334,17,14.101260796181373,0.0031343404396042018,0.94921875,0.5397249857584635,18.5131578947368
5129172.jpg,0.9845377604166666,17,21.01758876727249,0.0,0.8984375,0.49950281778971356,18.5399159663866
4100096331.jpg,0.9889322916666666,8,31.574220272251086,0.0,0.9921875,0.5029309590657552,18.5405405405405
11414474354.jpg,0.9744466145833334,17,19.000917578447673,0.0,0.9921875,0.491851806640625,18.5514705882353
468574107.jpg,0.9378255208333334,14,6.397380831789744,0.0,0.75390625,0.4968249003092448,18.5596330275229
2471109874.jpg,0.98876953125,14,10.709586328607166,0.0,0.28515625,0.49762725830078125,18.6049107142857
8721056397.jpg,0.98876953125,19,55.87481781588133,0.01029688807177819,0.578125,0.49050013224283856,18.609243697479002
9138793182.jpg,0.9832356770833334,15,18.239428598811006,0.015959570378288233,0.69140625,0.4977404276529948,18.618644067796602
6881321836.jpg,0.8922526041666666,16,8.31971311500052,0.0017702971378012577,0.96875,0.4978078206380208,18.686643835616398
3716186057.jpg,0.98876953125,19,28.70100832939104,0.0,0.6015625,0.50018310546875,18.711009174311897
5893652818.jpg,0.9900716145833334,18,25.902179329920216,0.0062780740631821885,0.984375,0.4946708679199219,18.713235294117602
6782077853.jpg,0.9720052083333334,18,5.9124968589343405,0.0,0.4765625,0.49245452880859375,18.7401960784314
6310649828.jpg,0.9825846354166666,15,39.767504881320626,0.0041057782620409,0.984375,0.5232442220052084,18.7522321428571
5660281772.jpg,0.99169921875,4,50.716921854300296,0.014428332550738623,0.89453125,0.500762939453125,18.7571428571429
8163644568.jpg,0.986328125,16,2.76023873080176,0.0,0.11328125,0.4973347981770833,18.817226890756302
3312331811.jpg,0.98876953125,19,14.992136457268574,0.0014475130076200668,0.83984375,0.49471791585286456,18.960176991150398
3075864902.jpg,0.8575846354166666,16,52.65097360856323,0.0,0.9921875,0.4977315266927083,19.094537815126
7559495698.jpg,0.98828125,10,37.853110529607044,0.014566182837501437,0.765625,0.49186070760091144,19.094537815126
5279579302.jpg,0.9876302083333334,18,9.672789499632822,0.0,0.3203125,0.4964764912923177,19.094537815126
8392513010.jpg,0.9593098958333334,10,39.923092124006075,0.0,0.984375,0.49782562255859375,19.1061946902655
8464428247.jpg,0.9886067708333334,18,21.6305542417473,0.0,0.75,0.49401601155598956,19.179203539823
8667640386.jpg,0.98828125,15,8.36214725863193,0.0,0.328125,0.5025062561035156,19.192307692307697
6122580003.jpg,0.9840494791666666,15,16.49477137031025,0.0,0.9921875,0.49833424886067706,19.21875
1312413141.jpg,0.98779296875,17,16.11541704177098,0.0016277826739713578,0.5,0.5024693806966146,19.4151785714286
145089144.jpg,0.98828125,18,20.174691498031383,0.0,0.6484375,0.49868011474609375,19.425
331406867.jpg,0.98876953125,18,23.16193690532845,0.0023323500629150473,0.65625,0.4825490315755208,19.4411764705882
6513828853.jpg,0.9881184895833334,17,71.40221381477775,0.00984963850584698,0.92578125,0.5166015625,19.5105042016807
5984121563.jpg,0.9041341145833334,12,6.288993209391289,0.0,0.85546875,0.49512990315755206,19.580434782608698
3867705645.jpg,0.9894205729166666,16,32.11470001899011,0.014175359302701418,0.5078125,0.5036786397298177,19.581081081081102
9249869281.jpg,0.98876953125,16,44.08502971865056,0.01343846369079074,0.93359375,0.500525156656901,19.5817757009346
5001626870.jpg,0.98876953125,18,29.08968460149583,0.028571955024240994,0.390625,0.4972674051920573,19.675
5956532834.jpg,0.9850260416666666,12,33.368422141813056,0.0023323500629150473,0.9921875,0.501867930094401,19.7706422018349
6661741471.jpg,0.9861653645833334,14,50.76512136789296,0.10122482114893849,0.92578125,0.5000788370768229,19.8771186440678
5973209084.jpg,0.9778645833333334,12,19.629306890089442,0.0,0.85546875,0.498992919921875,19.9470338983051
3898078585.jpg,0.9873046875,17,24.424488012927586,0.0,0.98828125,0.4989484151204427,19.967948717948698
4515954109.jpg,0.9876302083333334,17,21.66523457559349,0.0,0.7265625,0.49766286214192706,20.065126050420197
10415628976.jpg,0.9850260416666666,16,28.563124043029642,0.04540678879087549,0.48046875,0.4983533223470052,20.0868644067797
4206004485.jpg,0.9793294270833334,15,20.619145742110792,0.0,0.88671875,0.49625905354817706,20.1125
8220742117.jpg,0.9876302083333334,17,3.3995171108242137,0.0,0.1875,0.49944432576497394,20.125
4049047636.jpg,0.98779296875,9,7.846039182693503,0.0,0.3828125,0.4991035461425781,20.1567796610169
6625886365.jpg,0.98828125,17,19.44472419925811,0.0004181681666072669,0.77734375,0.4969749450683594,20.2013274336283
306264588.jpg,0.9124348958333334,17,31.42485169830628,0.2786707362851552,0.359375,0.4978319803873698,20.2013274336283
9784161203.jpg,0.6512044270833333,0,6.65968210037676,0.0,0.6015625,0.4966392517089844,20.25
5505953336.jpg,0.98876953125,17,48.85392359506627,0.3562588625969422,0.65234375,0.5022722880045573,20.2731092436975
5363058682.jpg,0.98876953125,14,21.8791795992033,0.008298734431969556,0.4375,0.5003128051757812,20.2991071428571
8078070846.jpg,0.9715169270833334,17,3.3440225482764934,0.0,0.36328125,0.49463144938151044,20.3205128205128
3558351395.jpg,0.98876953125,14,51.81328256486179,0.08602994836014738,0.83203125,0.4913342793782552,20.3947368421053
6130471976.jpg,0.9881184895833334,19,9.337175601304805,0.0,0.87890625,0.502478281656901,20.5200892857143
7964545096.jpg,0.98779296875,17,9.606481827667603,0.007340760654580206,0.5859375,0.5004297892252604,20.5762711864407
3341085556.jpg,0.9881184895833334,18,12.142167512075424,0.001364043301802944,0.68359375,0.506615956624349,20.603211009174302
213439801.jpg,0.98828125,13,30.007858957775326,0.04808978487033052,0.90234375,0.4977836608886719,20.619747899159698
9406773963.jpg,0.9837239583333334,14,5.524098474410945,0.00039769684605079063,0.47265625,0.4959767659505208,20.621621621621603
10226524916.jpg,0.98876953125,9,49.71028147943078,0.013790519135743227,0.9296875,0.49777857462565106,20.621621621621603
4629048299.jpg,0.9876302083333334,14,40.98181263511098,0.0005842347191494911,0.96875,0.5060310363769531,20.639380530973497
6486375983.jpg,0.98876953125,7,66.44127989954077,0.003692780589400253,0.9921875,0.5230941772460938,20.661214953271
10819001424.jpg,0.9876302083333334,18,14.77916199474915,0.0,0.8671875,0.4964803059895833,20.7702702702703
382774042.jpg,0.986328125,17,27.523074584536058,0.0,0.9921875,0.4779052734375,20.8147321428571
285183593.jpg,0.9876302083333334,19,5.171929316177211,0.0,0.62109375,0.4971059163411458,20.844594594594604
10620203775.jpg,0.98828125,18,73.50244754045946,0.006313965973731513,0.70703125,0.4974772135416667,20.861111111111104
11264048414.jpg,0.9881184895833334,18,72.04729778980467,0.005462010783283112,0.9609375,0.4837849934895833,20.8717391304348
3078114304.jpg,0.98828125,17,12.424092425217625,0.004314163827693811,0.43359375,0.4989738464355469,20.892523364486
2800893640.jpg,0.9869791666666666,12,20.59043388875947,0.022044121759310614,0.8984375,0.49639638264973956,20.892523364486
2333476039.jpg,0.98876953125,14,7.098137005628039,0.0,0.3515625,0.5022557576497396,20.9137931034483
3017896883.jpg,0.98828125,17,10.434244363572637,0.0,0.40625,0.50347900390625,20.995762711864398
3935177366.jpg,0.98876953125,19,20.701483534244556,0.0,0.6640625,0.48993810017903644,21.025641025641
4867994945.jpg,0.9889322916666666,0,60.883729222313356,0.02787145064522676,0.921875,0.5026995340983073,21.025641025641
5709659001.jpg,0.9856770833333334,17,25.474838841001354,0.0,0.9453125,0.5052935282389323,21.057339449541303
560054684.jpg,0.98828125,18,26.291388391538295,0.004664700125830166,0.97265625,0.4985402425130208,21.057339449541303
4232963375.jpg,0.9876302083333334,13,80.94210983633813,0.010756305641878693,0.7578125,0.5004412333170573,21.0902777777778
5362140571.jpg,0.9840494791666666,18,13.091964560081552,0.0,0.51953125,0.5010999043782552,21.1330275229358
6071930227.jpg,0.98876953125,15,49.125203757811526,0.3321497015121847,0.75390625,0.4987297058105469,21.14375
155365010.jpg,0.9895833333333334,9,53.79467471935401,0.04942342160984431,0.9921875,0.4993438720703125,21.14375
5606263347.jpg,0.9855143229166666,12,9.503870119451914,0.002743094207815382,0.42578125,0.4980417887369792,21.158695652173897
18238731.jpg,0.98828125,17,11.13513767451861,0.0,0.578125,0.4894116719563802,21.1666666666667
2907072293.jpg,0.9739583333333334,18,5.221890912580293,0.0,0.4375,0.4989153544108073,21.1666666666667
562942809.jpg,0.9344075520833334,14,45.434351471591384,0.0,0.9921875,0.4989267985026042,21.2027559055118
8655538784.jpg,0.9869791666666666,12,17.596242440260088,0.007638986303660538,0.984375,0.49814097086588544,21.2162162162162
5197869977.jpg,0.98876953125,18,5.633259256562424,0.0,0.51953125,0.49582163492838544,21.2844036697248
3315383233.jpg,0.95703125,14,15.61519829011391,0.0,0.73046875,0.4943491617838542,21.2905405405405
4728646090.jpg,0.98876953125,16,16.621330117490754,0.0,0.421875,0.4956817626953125,21.296460176991197
5418130754.jpg,0.9851888020833334,17,66.86958324229165,0.0,0.90234375,0.5029652913411459,21.313025210084
357641600.jpg,0.9840494791666666,18,17.561875018043754,0.0,0.81640625,0.49791844685872394,21.313025210084
1418012844.jpg,0.9694010416666666,10,2.868910667463536,0.0,0.0546875,0.4915669759114583,21.4116379310345
10631630073.jpg,0.98828125,16,16.210821770832286,0.005851135889337702,0.6953125,0.49674733479817706,21.4116379310345
4986510349.jpg,0.9840494791666666,14,38.949694761752006,0.007062718105234005,0.94921875,0.48230743408203125,21.4152542372881
2098594651.jpg,0.9847005208333334,9,7.0474508563217775,0.0,0.8203125,0.495361328125,21.477678571428598
6799306335.jpg,0.98828125,14,10.45470318152268,0.0009893413517270844,0.75,0.504309336344401,21.5114678899083
82421401.jpg,0.9781901041666666,14,27.985668735504664,0.0,0.98828125,0.45805994669596356,21.55625
11393787465.jpg,0.9884440104166666,12,12.578078437881807,0.008641898150211134,0.8984375,0.4992574055989583,21.5849514563107
7395359632.jpg,0.984375,14,28.88399187373084,0.0,0.96484375,0.4996693929036458,21.585714285714303
137731604.jpg,0.9026692708333334,14,4.283696900782719,0.0,0.6328125,0.4939422607421875,21.590336134453803
3992677101.jpg,0.98876953125,11,81.17357483195484,0.0157478088776282,0.96875,0.4985516866048177,21.659663865546197
9237243302.jpg,0.9778645833333334,9,47.93187364019152,0.0,0.9921875,0.5035972595214844,21.698660714285698
5825508500.jpg,0.9876302083333334,16,73.64532536444048,0.0,0.9921875,0.47867457071940106,21.8541666666667
346617779.jpg,0.9892578125,13,24.704612737722147,0.0008285814329333344,0.64453125,0.4968109130859375,21.9144736842105
3902626347.jpg,0.9874674479166666,16,4.401166183168397,0.0,0.3203125,0.49745432535807294,21.936974789916
6014996044.jpg,0.9876302083333334,17,5.608739844771507,0.0,0.453125,0.4970410664876302,21.9478260869565
7726222874.jpg,0.9892578125,13,47.736766604608384,0.26903358336573935,0.65625,0.49665069580078125,22.006302521008397
288113726.jpg,0.9475911458333334,18,6.0114825586050875,0.0,0.6640625,0.4970359802246094,22.0128205128205
1693839090.jpg,0.98876953125,16,16.386648543771564,0.03008539649153914,0.3671875,0.4933891296386719,22.066964285714302
4501585211.jpg,0.9876302083333334,16,24.857956650041277,0.0,0.62890625,0.5155919392903646,22.0995575221239
9680493700.jpg,0.9876302083333334,18,21.18422807713154,0.020724834854227436,0.73828125,0.4900652567545573,22.0995575221239
2477552466.jpg,0.9832356770833334,15,7.342759956848369,0.0,0.265625,0.5002034505208334,22.1081081081081
3579701723.jpg,0.9889322916666666,18,18.158928790272142,0.016006480501239543,0.76171875,0.4984550476074219,22.1449579831933
143643298.jpg,0.98828125,18,7.637828322707059,0.0,0.515625,0.4953753153483073,22.1449579831933
8771756230.jpg,0.9694010416666666,13,5.333908504209241,0.0,0.22265625,0.5051485697428385,22.1725663716814
3147416579.jpg,0.9871419270833334,17,37.54060946275319,0.00800317095842896,0.9921875,0.49956639607747394,22.2032710280374
7241141390.jpg,0.97509765625,14,73.44781686009576,0.0,0.9921875,0.49843597412109375,22.2045454545455
8393106944.jpg,0.9864908854166666,8,27.637632361729985,0.013896025776227781,0.9609375,0.4972038269042969,22.225728155339798
8165323576.jpg,0.9881184895833334,18,6.362090921078717,0.005466690502519285,0.49609375,0.49693044026692706,22.245575221238898
4182412787.jpg,0.9869791666666666,15,6.698205687357441,0.0,0.2734375,0.4940503438313802,22.2542372881356
6103897334.jpg,0.9871419270833334,15,54.614936441432526,0.08742818127559612,0.9609375,0.49652099609375,22.287946428571402
5231773522.jpg,0.9876302083333334,18,8.823939892986944,0.001587925921799849,0.91796875,0.49857838948567706,22.3185840707965
3191275443.jpg,0.9889322916666666,18,65.41379035098521,0.0,0.97265625,0.49918365478515625,22.3241525423729
8348113359.jpg,0.9881184895833334,11,12.347572617710432,0.007992054795952339,0.90234375,0.4699656168619792,22.3389423076923
5572898913.jpg,0.9879557291666666,17,5.885708233073895,0.00039573654069084083,0.7578125,0.4997406005859375,22.361607142857103
163977327.jpg,0.98095703125,18,22.80509841136282,0.0,0.9921875,0.4908854166666667,22.38125
3365447434.jpg,0.98828125,18,11.884402010489673,0.0,0.47265625,0.4953257242838542,22.4375
9335639356.jpg,0.98876953125,7,75.7035167498677,0.0,0.9296875,0.49394861857096356,22.45
6461549237.jpg,0.98876953125,14,12.049793653615575,0.001759779842493785,0.9765625,0.4983418782552083,22.4797297297297
4254945684.jpg,0.64306640625,17,9.684142193392976,0.0,0.82421875,0.49541346232096356,22.4915966386555
3768070080.jpg,0.9894205729166666,17,6.691643528481733,0.0,0.2734375,0.4990552266438802,22.560924369747895
1332211559.jpg,0.98876953125,18,3.786899256862077,0.0,0.3046875,0.4965985616048177,22.6106194690265
8242906564.jpg,0.9874674479166666,10,49.71645426625252,0.2188489677905505,0.55859375,0.5026028951009115,22.6460396039604
6809286909.jpg,0.9812825520833334,18,11.617391364931017,0.0,0.80859375,0.4861462910970052,22.691810344827598
5069309990.jpg,0.98876953125,15,17.74697909980369,0.0033585533634854564,0.46875,0.49558766682942706,22.782894736842103
4902504109.jpg,0.9775390625,17,51.72204205404409,0.0,0.9921875,0.4929962158203125,22.782894736842103
10925112255.jpg,0.9876302083333334,11,83.84452004580871,0.3594586790764289,0.734375,0.5052655537923177,22.792452830188697
136287514.jpg,0.9881184895833334,3,56.41483539573662,0.0007914730813816462,0.94140625,0.5086657206217448,22.79375
3479727829.jpg,0.98876953125,8,71.13741388188998,0.010966939840951859,0.859375,0.4983774820963542,22.829646017699105
3791999774.jpg,0.98876953125,18,25.625039603682676,0.0019739700379337094,0.80078125,0.49877166748046875,22.873853211009198
4124391067.jpg,0.98828125,18,17.623346026875712,0.0,0.8125,0.4974047342936198,22.8834745762712
8715401905.jpg,0.9894205729166666,15,13.622152806095277,0.0,0.796875,0.5002365112304688,22.950892857142897
434815119.jpg,0.98681640625,14,13.403709228726425,0.0,0.70703125,0.4953422546386719,22.9521739130435
8257779790.jpg,0.98876953125,16,27.253725599886206,0.0,0.74609375,0.49712244669596356,22.9533898305085
81006585.jpg,0.98876953125,9,17.516570036115848,0.0,0.546875,0.5003026326497396,23.046218487395002
45917867.jpg,0.98876953125,18,22.473988575076273,0.0,0.7421875,0.4959004720052083,23.0474137931034
6849557935.jpg,0.9881184895833334,5,10.018211260242674,0.001364043301802944,0.4296875,0.4988136291503906,23.072368421052605
10089027076.jpg,0.9881184895833334,11,10.056681325754788,0.0005830875157287707,0.33984375,0.49959564208984375,23.0785714285714
4306124216.jpg,0.9773763020833334,6,45.27311126988695,0.0,0.9921875,0.4996350606282552,23.098214285714302
5263912639.jpg,0.9866536458333334,16,32.38334805424676,0.0,0.984375,0.4996999104817708,23.1216814159292
5974147290.jpg,0.98876953125,9,14.841694489563173,0.010608836755389544,0.6484375,0.5023930867513021,23.1486486486486
3847915749.jpg,0.9876302083333334,0,2.922659767698874,0.0,0.140625,0.49892298380533856,23.176605504587197
7636475996.jpg,0.98828125,18,17.23924619112201,0.0053702270103761305,0.82421875,0.5010541280110677,23.176605504587197
3171148345.jpg,0.986328125,18,70.28737240461025,0.05258658912523957,0.88671875,0.4961649576822917,23.184873949579803
5536150022.jpg,0.9837239583333334,18,19.593445898153387,0.0,0.80078125,0.5003751118977865,23.2056074766355
4432333136.jpg,0.98876953125,18,12.635970339532802,0.06290422348538585,0.28125,0.4969139099121094,23.290865384615397
6224309834.jpg,0.9835611979166666,19,15.610370165947492,0.0,0.6015625,0.48929087320963544,23.3055555555556
9510794857.jpg,0.9866536458333334,12,23.93938232719394,0.007911089954377143,0.453125,0.49883778889973956,23.3618421052632
3166870228.jpg,0.98828125,17,47.49487744365521,0.0,0.98046875,0.492706298828125,23.392857142857103
8669987529.jpg,0.98876953125,12,45.76750126817122,0.020014602772289187,0.765625,0.5143839518229166,23.4036697247706
133829142.jpg,0.98876953125,18,4.435774348909454,0.0,0.234375,0.4982134501139323,23.4125
452671189.jpg,0.9856770833333334,18,47.06615068930763,0.0,0.97265625,0.521826426188151,23.466517857142897
19300996.jpg,0.9851888020833334,18,13.41847688061892,0.0009893413517270844,0.98046875,0.4979540506998698,23.4935897435897
3077626117.jpg,0.9889322916666666,15,21.522986789378663,0.015143508694064643,0.671875,0.4989000956217448,23.531512605042
3124199543.jpg,0.9737955729166666,9,23.485182702778193,0.0,0.828125,0.4940999348958333,23.531512605042
2381196755.jpg,0.98876953125,17,23.797134168203737,0.0,0.984375,0.4971733093261719,23.540178571428598
323541643.jpg,0.9876302083333334,19,17.976449440639737,0.0,0.9921875,0.49725341796875,23.55
53065971.jpg,0.98876953125,15,57.77467815770128,0.06729945123947964,0.90625,0.46495310465494794,23.582627118644098
1987196687.jpg,0.98876953125,17,51.31105715079695,0.0274966673540916,0.84375,0.4978688557942708,23.6008403361345
4819833644.jpg,0.9876302083333334,8,45.36503002429504,0.0015645399309741962,0.7109375,0.4941139221191406,23.6008403361345
5766806996.jpg,0.98876953125,16,75.06596632862546,0.017421847583864506,0.77734375,0.4903767903645833,23.61875
8616342001.jpg,0.98876953125,13,25.09525168228423,0.08068015056250318,0.24609375,0.4951019287109375,23.669565217391302
3305968848.jpg,0.98876953125,16,4.865645162027955,0.00508125630057498,0.234375,0.4989064534505208,23.706422018348604
7402614702.jpg,0.9869791666666666,17,4.4493475646039,0.0,0.796875,0.49874242146809894,23.725
8373530988.jpg,0.98876953125,16,73.87552853511295,0.0074759210782592836,0.765625,0.49843088785807294,23.727941176470605
6024552297.jpg,0.9000651041666666,17,61.072784693029455,0.0,0.984375,0.5109634399414062,23.775641025640997
5040853192.jpg,0.98876953125,13,18.909670489670862,0.0,0.90625,0.4880688985188802,23.789603960396
6098120607.jpg,0.9881184895833334,19,15.287707458689399,0.0,0.53515625,0.48445892333984375,23.798986486486502
8309215514.jpg,0.9845377604166666,14,9.019904083036723,0.0,0.390625,0.49811681111653644,23.8042452830189
6172964730.jpg,0.98876953125,5,35.23685608061725,0.009618043524552112,0.6328125,0.5001983642578125,23.8224299065421
5314378959.jpg,0.9855143229166666,19,9.301007663026263,0.0,0.28125,0.49199167887369794,23.868421052631604
4014803633.jpg,0.9871419270833334,18,5.190727111374423,0.0,0.51171875,0.4956067403157552,23.89375
4637538714.jpg,0.9894205729166666,19,19.461635941716235,0.008393767918676912,0.53125,0.4931907653808594,23.89375
4719558314.jpg,0.9921875,2,40.744896885055255,0.0,0.9921875,0.5028851826985677,23.924778761061898
45015821.jpg,0.9881184895833334,14,64.9094917236396,0.003498525094372589,0.953125,0.4794362386067708,23.932203389830498
8084640023.jpg,0.9833984375,17,4.5099114176750605,0.0,0.21484375,0.4950243631998698,23.9334862385321
1543375325.jpg,0.87060546875,8,74.5768107490237,0.0836035682555115,0.8203125,0.49164708455403644,23.947478991596604
2960552821.jpg,0.9899088541666666,17,19.75753359566902,0.0,0.97265625,0.5003267923990885,23.956521739130398
7270304334.jpg,0.9861653645833334,19,10.09742355026529,0.0,0.75,0.5023765563964844,23.956521739130398
1085590803.jpg,0.97705078125,18,19.29044320389162,0.0,0.95703125,0.5034828186035156,24.055803571428598
10847909336.jpg,0.9586588541666666,12,59.06314116130659,0.03304177158329356,0.90625,0.48525746663411456,24.114224137931
930643510.jpg,0.9881184895833334,18,10.20257499917537,0.0,0.43359375,0.49757639567057294,24.1148648648649
4411055719.jpg,0.986328125,17,21.733209749965823,0.0,0.9921875,0.49938201904296875,24.116336633663398
3033284037.jpg,0.9876302083333334,17,15.613377537028333,0.001572428867455855,0.77734375,0.498291015625,24.129464285714302
4037555676.jpg,0.7513020833333334,18,3.5502708876122004,0.0,0.4609375,0.4955698649088542,24.1419491525424
144272742.jpg,0.9708658854166666,18,16.17540766904519,0.0,0.90625,0.5204264322916666,24.16875
8374149596.jpg,0.98876953125,17,46.3275678662153,0.0,0.98046875,0.5171521504720052,24.207943925233604
3620726.jpg,0.9884440104166666,18,18.281069012538847,0.0,0.9921875,0.4987233479817708,24.224789915966397
11511265293.jpg,0.9822591145833334,19,68.58219059088768,0.0,0.9765625,0.5039838155110677,24.276785714285698
2360058082.jpg,0.98828125,18,16.558482893907208,0.0,0.80859375,0.501928965250651,24.2817796610169
433731087.jpg,0.9876302083333334,18,19.849158859814153,0.0,0.9921875,0.4962170918782552,24.325
3615562.jpg,0.9894205729166666,7,28.267143573367523,0.0,0.984375,0.5004870096842448,24.351694915254196
7004025487.jpg,0.9934895833333334,18,8.37972921012676,0.00834967501923873,0.578125,0.49731190999348956,24.375
6681891719.jpg,0.8846028645833334,11,49.46932772500717,0.010681763427579405,0.9375,0.49916966756184894,24.3876146788991
8607422328.jpg,0.9881184895833334,14,13.653216612983229,0.0,0.58203125,0.5031941731770834,24.44375
3115828038.jpg,0.9793294270833334,1,6.811602161618591,0.0,0.56640625,0.49749120076497394,24.492857142857105
4236329723.jpg,0.986328125,12,3.70820885117439,0.0,0.19140625,0.4959729512532552,24.5125
5184701000.jpg,0.98876953125,16,27.75708240527568,0.02646956313951606,0.51953125,0.4967994689941406,24.5304347826087
3984248064.jpg,0.9903971354166666,18,13.759899566582249,0.0,0.78125,0.49575169881184894,24.602173913043497
4502409601.jpg,0.98876953125,17,12.643373701751065,0.0,0.39453125,0.4873847961425781,24.628640776699
255985226.jpg,0.9869791666666666,18,6.971116023272532,0.0,0.40625,0.49419530232747394,24.640756302520998
4545054058.jpg,0.9835611979166666,18,39.31261785043004,0.0,0.95703125,0.5129203796386719,24.701271186440703
7587404052.jpg,0.9876302083333334,18,4.341477388322425,0.0,0.28515625,0.49894078572591144,24.71875
1809848435.jpg,0.9881184895833334,18,10.28865167400054,0.0,0.31640625,0.4983673095703125,24.7278761061947
9541231306.jpg,0.98828125,17,48.539276545161606,0.0,0.984375,0.5029754638671875,24.7368421052632
4726274782.jpg,0.9899088541666666,17,34.15711418234831,0.010380721263898494,0.96875,0.5113741556803385,24.779411764705895
6305224063.jpg,0.98681640625,18,7.743602806097074,0.0,0.7578125,0.49825795491536456,24.8891304347826
4984086049.jpg,0.74169921875,14,77.72465145991445,0.039699121857498486,0.87890625,0.5399169921875,24.9567307692308
3426740196.jpg,0.98828125,17,21.92092275731628,0.01098427645356157,0.7421875,0.49480311075846356,25.0263157894737
135403304.jpg,0.9881184895833334,18,4.40705830822676,0.0,0.1796875,0.501946767171224,25.056722689075603
3390605400.jpg,0.9876302083333334,18,12.658787562069845,0.0006452020492613989,0.91796875,0.4997240702311198,25.068807339449503
4987191446.jpg,0.98828125,13,18.718895848600926,0.0,0.86328125,0.5109774271647135,25.1906779661017
3888454309.jpg,0.9807942708333334,8,23.101270952516426,0.0,0.765625,0.4987297058105469,25.1953781512605
5910732650.jpg,0.8597005208333334,18,4.3957587512130045,0.0,0.4296875,0.5071207682291666,25.220183486238497
5213032846.jpg,0.98828125,18,20.094620997678152,0.0,0.89453125,0.493438720703125,25.2478260869565
8751989930.jpg,0.98828125,18,14.82842881071983,0.0004726482910938409,0.546875,0.4974009195963542,25.260593220338997
106456452.jpg,0.98876953125,18,9.503281256948457,0.0,0.31640625,0.4978802998860677,25.2727272727273
3452963187.jpg,0.98583984375,18,5.713699072050958,0.0,0.64453125,0.49790318806966144,25.304054054054102
4335495125.jpg,0.98876953125,14,14.384434488081903,0.0,0.36328125,0.5011024475097656,25.304054054054102
1527228794.jpg,0.9871419270833334,17,7.197464242628036,0.0,0.30078125,0.48601531982421875,25.3125
480626798.jpg,0.98828125,9,15.208857511215838,0.0,0.5078125,0.49367650349934894,25.334033613445396
5588234773.jpg,0.98876953125,17,14.378179407212677,0.01359224175018368,0.453125,0.4961585998535156,25.3644859813084
7766392832.jpg,0.9876302083333334,17,15.79624769935019,0.00428999817575427,0.87890625,0.501153310139974,25.3849557522124
6007032209.jpg,0.9881184895833334,12,56.884090548914,0.3239461938053341,0.703125,0.4986317952473958,25.403361344537803
2149726014.jpg,0.98828125,16,37.4813592757111,0.23845005251833018,0.4921875,0.49930063883463544,25.452702702702698
3962058482.jpg,0.9775390625,15,22.120954090897715,0.0,0.9921875,0.4904632568359375,25.452702702702698
2305236722.jpg,0.9894205729166666,18,24.773036514548323,0.008895074941588607,0.609375,0.4997406005859375,25.4605263157895
9497710012.jpg,0.98876953125,13,2.7088518312183822,0.0,0.12890625,0.49781036376953125,25.5639097744361
8452429942.jpg,0.9869791666666666,18,13.092624750981704,0.0028540396022610987,0.94921875,0.5112152099609375,25.673611111111104
4978032841.jpg,0.9881184895833334,18,9.255205378318298,0.0,0.4609375,0.49982452392578125,25.680084745762702
563494328.jpg,0.98876953125,16,31.399841455217466,0.17781711881172507,0.5234375,0.49840037027994794,25.68125
139999071.jpg,0.9876302083333334,16,27.164508215947265,0.009186074821292895,0.9375,0.48919423421223956,25.68125
5962747.jpg,0.9866536458333334,13,35.02981132928748,0.002741734960237956,0.74609375,0.4909159342447917,25.818181818181802
5948782020.jpg,0.9881184895833334,16,10.807702604384916,0.0005073746608445726,0.265625,0.4933064778645833,25.8193277310924
9135317445.jpg,0.98193359375,17,54.09202535635283,0.009752433505615237,0.9921875,0.4987958272298177,25.8193277310924
6534182163.jpg,0.98828125,15,20.616565685609086,0.0,0.6171875,0.49746068318684894,25.8205128205128
6424074571.jpg,0.9869791666666666,11,21.213979276009393,0.0073310772758084985,0.375,0.49722544352213544,25.8217391304348
6289164461.jpg,0.9881184895833334,19,9.179607677014884,0.006656486312557683,0.77734375,0.4987373352050781,25.822368421052605
7504875900.jpg,0.9876302083333334,18,18.12581321184511,0.0,0.98828125,0.49687830607096356,25.823660714285698
4410900135.jpg,0.98828125,16,19.202656285134186,0.0,0.8046875,0.5007031758626302,25.8243243243243
6246977871.jpg,0.638671875,16,14.018222607702233,0.0,0.98828125,0.49406178792317706,25.8243243243243
5091924028.jpg,0.9912109375,18,13.148168080052976,0.0,0.4375,0.5012029012044271,25.8308823529412
15012954.jpg,0.9881184895833334,16,9.845093490874719,0.0,0.3203125,0.4979960123697917,25.8910256410256
5135908583.jpg,0.98828125,14,13.697138380930165,0.023297922983706663,0.2265625,0.495269775390625,25.9579831932773
2716631816.jpg,0.9850260416666666,11,36.55991525280039,0.0,0.98828125,0.49961090087890625,25.9579831932773
6071037995.jpg,0.9886067708333334,16,56.30564831699076,0.0,0.94921875,0.49007415771484375,25.970982142857103
2214729676.jpg,0.98876953125,0,20.87025741962129,0.0,0.6171875,0.5093269348144531,25.975
9686480737.jpg,0.98876953125,6,51.06605544610856,0.049832045259756895,0.8203125,0.49860509236653644,26.0019083969466
92317233.jpg,0.98828125,12,41.58825108912483,0.0,0.875,0.48496119181315106,26.025
5771887382.jpg,0.98876953125,10,20.582998413361157,0.046178927391063454,0.2734375,0.49181365966796875,26.096638655462197
5684960466.jpg,0.9695638020833334,8,64.01134228560531,0.0,0.9921875,0.4968109130859375,26.1355140186916
4883939911.jpg,0.9876302083333334,19,24.90051064517049,0.0,0.9921875,0.5049362182617188,26.25
7919265884.jpg,0.98876953125,17,71.10668991836637,0.08577128554074298,0.7734375,0.4954338073730469,26.2702702702703
3323033903.jpg,0.9876302083333334,7,5.381773966473749,0.0,0.28125,0.5000419616699219,26.2702702702703
348162485.jpg,0.9892578125,10,62.43135274967393,0.14883268356760565,0.66796875,0.508398691813151,26.3046218487395
8195268203.jpg,0.9894205729166666,6,26.258565043819672,0.0,0.80078125,0.4991340637207031,26.3340707964602
357452255.jpg,0.98828125,16,14.09369986957791,0.0013851101021607017,0.66796875,0.5003890991210938,26.3340707964602
6656519345.jpg,0.9894205729166666,17,17.3019101817389,0.001364043301802944,0.8203125,0.47667566935221356,26.339285714285698
2954406623.jpg,0.98828125,18,60.588835272265136,0.14051810556268096,0.68359375,0.49633534749348956,26.3739495798319
5508551413.jpg,0.98583984375,18,9.291706641637656,0.0,0.56640625,0.4992942810058594,26.3785714285714
8644207930.jpg,0.9884440104166666,17,35.28965872672589,0.006847513222278892,0.95703125,0.510626475016276,26.4189189189189
5507499346.jpg,0.9876302083333334,6,43.388345894169255,0.0053605133670797415,0.9765625,0.4996503194173177,26.443277310924397
3364868711.jpg,0.98876953125,10,17.60725724375537,0.02141269396487754,0.7890625,0.49864832560221356,26.5675675675676
7472436450.jpg,0.98828125,12,69.81603209369278,0.07003319623279944,0.703125,0.4965858459472656,26.631067961164998
8222142608.jpg,0.9832356770833334,17,5.436451251593193,0.0,0.42578125,0.4980150858561198,26.6826086956522
6034305010.jpg,0.9391276041666666,18,4.622661297766908,0.0,0.12890625,0.4977226257324219,26.707589285714302
5913086401.jpg,0.9876302083333334,10,23.630563782338484,0.0,0.7265625,0.4999287923177083,26.725
4980829250.jpg,0.9265950520833334,7,61.9626554551709,0.0,0.9921875,0.5002797444661459,26.728813559322
669490972.jpg,0.90380859375,8,77.0492544539914,0.0,0.9921875,0.5409456888834635,26.752336448598104
4599648667.jpg,0.98876953125,10,46.42803632429882,0.26650639952267124,0.890625,0.4949239095052083,26.7721238938053
6427589897.jpg,0.9876302083333334,18,10.997026709877332,0.0007914730813816462,0.26171875,0.49794769287109375,26.7905405405405
4042987026.jpg,0.9881184895833334,17,13.943330727656056,0.0,0.61328125,0.5048726399739584,26.85
7992243526.jpg,0.98095703125,19,11.865569080466798,0.016637760736465737,0.73046875,0.49136606852213544,26.887931034482797
2856053454.jpg,0.98876953125,17,31.600982888777057,0.0,0.8203125,0.5164960225423177,26.95
4023100592.jpg,0.9300130208333334,19,11.98848338768218,0.0,0.98828125,0.4973564147949219,26.959051724137897
289462174.jpg,0.9762369791666666,4,60.46219656340903,0.017619715854209943,0.95703125,0.47374725341796875,26.9695652173913
6658108283.jpg,0.98828125,18,15.922677102581725,0.0,0.953125,0.49187342325846356,26.9695652173913
206294085.jpg,0.9851888020833334,15,43.31516628209804,0.0025302183332604855,0.95703125,0.4823710123697917,26.9875
1820291567.jpg,0.98828125,18,6.985816429325393,0.0,0.33203125,0.49228795369466144,26.997899159663895
35311267.jpg,0.7413736979166667,6,73.35984797949043,0.19313871218280404,0.7265625,0.5270258585611979,26.997899159663895
4257293580.jpg,0.8024088541666667,16,43.881149545033225,0.0,0.9375,0.49741490681966144,26.997899159663895
296426748.jpg,0.97607421875,18,4.428964513734839,0.0,0.5703125,0.48165639241536456,27.0084745762712
5974719661.jpg,0.97509765625,18,28.744181050908722,0.0,0.9921875,0.49396006266276044,27.0084745762712
5604745238.jpg,0.9881184895833334,6,8.52739284489269,0.0,0.359375,0.49263254801432294,27.0095419847328
6841095.jpg,0.98876953125,0,10.988449287054145,0.0,0.3984375,0.49823760986328125,27.0192307692308
8938472188.jpg,0.9876302083333334,14,3.4734084148007174,0.0,0.31640625,0.49715932210286456,27.0441176470588
2422029745.jpg,0.9654947916666666,16,39.49803488450272,0.0,0.93359375,0.4981028238932292,27.048611111111104
3577744786.jpg,0.98828125,18,5.421397066299234,0.0,0.48046875,0.4986063639322917,27.052631578947395
358433606.jpg,0.98681640625,15,18.70953811168189,0.0,0.6171875,0.5038655598958334,27.060747663551396
220503608.jpg,0.97900390625,18,22.860322497001984,0.0,0.66015625,0.49516932169596356,27.067226890756302
6011443641.jpg,0.9755859375,18,12.638602762381538,0.0,0.93359375,0.49834569295247394,27.1012931034483
3416685588.jpg,0.98828125,17,31.2880648587999,0.0,0.86328125,0.502410888671875,27.223214285714302
8768474112.jpg,0.9894205729166666,18,7.946153214231939,0.0,0.5625,0.4945182800292969,27.2435344827586
4353430545.jpg,0.986328125,17,14.557065014252656,0.0,0.9921875,0.49858347574869794,27.269736842105303
4689159899.jpg,0.98046875,12,4.58558772743194,0.0,0.3515625,0.49751027425130206,27.269736842105303
6849285524.jpg,0.98828125,17,69.23031553514052,0.002395234207211252,0.96875,0.4964548746744792,27.275210084033603
163208499.jpg,0.98583984375,15,31.05911038700721,0.0,0.96875,0.4992713928222656,27.318181818181802
3204890107.jpg,0.9881184895833334,18,31.96340392319193,0.0,0.9609375,0.5020459493001302,27.3394495412844
89393627.jpg,0.98779296875,6,7.4234025390376885,0.0,0.46484375,0.49508412679036456,27.4138655462185
8218123958.jpg,0.98876953125,15,57.76116368244906,0.006639114319607824,0.87890625,0.4949455261230469,27.4279661016949
395036065.jpg,0.98876953125,18,60.85019357668989,0.06059773405192917,0.8515625,0.4987475077311198,27.4325657894737
501669092.jpg,0.9881184895833334,17,9.75218584909378,0.0,0.6796875,0.49991734822591144,27.444196428571402
3162134277.jpg,0.9874674479166666,18,9.20439841288333,0.0,0.26171875,0.4932301839192708,27.4485294117647
2688944098.jpg,0.9850260416666666,17,22.053731761513337,0.0,0.9921875,0.49941380818684894,27.4717391304348
6143005598.jpg,0.9871419270833334,9,33.421878181520256,0.0007914730813816462,0.97265625,0.4982922871907552,27.4831932773109
11013892854.jpg,0.98876953125,13,44.22431410878926,0.04941933086639535,0.60546875,0.49066416422526044,27.497881355932197
4239274380.jpg,0.9871419270833334,16,24.213463550894406,0.0007914730813816462,0.9375,0.501068115234375,27.5017123287671
2742066850.jpg,0.98876953125,14,25.373922217838626,0.011154290815989825,0.5234375,0.5010515848795573,27.5022123893805
2726774995.jpg,0.98828125,18,30.342568236679814,0.0,0.72265625,0.5054028828938802,27.55
3940847938.jpg,0.9876302083333334,14,3.073441489236608,0.0,0.17578125,0.49852752685546875,27.55
9183486925.jpg,0.9871419270833334,11,4.713432873843422,0.0,0.1953125,0.500512440999349,27.5592105263158
5917296642.jpg,0.9881184895833334,17,19.422778484883924,0.0,0.9921875,0.4997138977050781,27.5665137614679
6111148526.jpg,0.98876953125,16,30.658761444035108,0.0027879224569642706,0.6328125,0.4995676676432292,27.6081081081081
8968242975.jpg,0.9881184895833334,11,7.566866199398395,0.0,0.98828125,0.49990208943684894,27.615217391304302
4086204414.jpg,0.92333984375,13,3.332151691853476,0.0,0.421875,0.4946797688802083,27.625
8091151386.jpg,0.9430338541666666,13,13.282422112048963,0.0,0.9375,0.49594751993815106,27.6377118644068
9731493509.jpg,0.9876302083333334,7,54.211648873005934,0.35877326382327773,0.87890625,0.49550120035807294,27.6597222222222
7369136066.jpg,0.9876302083333334,8,33.68603757064631,0.0,0.94140625,0.4966850280761719,27.6775700934579
2295329994.jpg,0.9881184895833334,12,5.954396798904142,0.0,0.40625,0.5018590291341146,27.686956521739102
2824487894.jpg,0.9781901041666666,15,56.63339794105611,0.4591905317713741,0.7578125,0.4986839294433594,27.691176470588196
2413968824.jpg,0.98876953125,10,43.55604571538063,0.3192515772946501,0.80078125,0.4999961853027344,27.736111111111104
1315889745.jpg,0.9876302083333334,18,8.269819360031626,0.0,0.42578125,0.4978472391764323,27.7567567567568
10602786066.jpg,0.9881184895833334,8,9.076752915586274,0.0,0.32421875,0.4964752197265625,27.7605042016807
7977665407.jpg,0.97412109375,17,24.094979877834813,0.0,0.9921875,0.4984855651855469,27.7605042016807
2234060892.jpg,0.98876953125,16,10.223270422636505,0.0,0.84375,0.4996287027994792,27.7763157894737
5129080312.jpg,0.9596354166666666,13,34.56979240025793,0.0,0.94921875,0.5019632975260416,27.830434782608698
1387568510.jpg,0.98876953125,10,44.68466949361794,0.030376159611168897,0.4296875,0.4981549580891927,27.8310810810811
3308341801.jpg,0.9894205729166666,15,16.110167157998927,0.0004072184459869685,0.9453125,0.4962450663248698,27.8474576271186
3706984010.jpg,0.98876953125,17,34.53966508974989,0.06670734979390491,0.5703125,0.49180348714192706,27.886160714285698
6515985695.jpg,0.9739583333333334,18,6.089330117258089,0.0,0.52734375,0.4950002034505208,27.959821428571402
656718644.jpg,0.9889322916666666,18,43.540580874019646,0.07714205089256482,0.83203125,0.48298390706380206,27.971153846153804
5887130142.jpg,0.98828125,14,6.676448126554985,0.0,0.3203125,0.5045064290364584,28.0070754716981
8972898508.jpg,0.98876953125,13,44.73225637912995,0.3171985846262127,0.5,0.4979693094889323,28.01875
6825162524.jpg,0.98876953125,18,19.856624262576297,0.0,0.984375,0.48527272542317706,28.0378151260504
5359274053.jpg,0.97265625,16,42.103111063533014,0.0,0.93359375,0.5114644368489584,28.057203389830498
5747013682.jpg,0.9869791666666666,7,49.872955945992345,0.020410339312979992,0.93359375,0.5057220458984375,28.075
9788787724.jpg,0.9881184895833334,16,78.4060187348301,0.02736178618028262,0.87109375,0.49642690022786456,28.202702702702698
9767151984.jpg,0.98828125,16,12.739132168670816,0.0,0.46875,0.49410756429036456,28.2573529411765
5577977748.jpg,0.9879557291666666,4,20.169862432859496,0.0,0.98828125,0.49684906005859375,28.288461538461497
